1.4470045,0.58999669,0.052873004,0.522972471,-0.041068145,-0.588697039,-0.043519194,-0.066263629
1.4470045,0.58999669,-0.390857056,0.543838614,0.1701247,-0.269829035,0.086308595,0.089049685
1.4470045,0.58999669,-0.446520984,0.408073195,-0.028125086,-0.13737934,0.133080157,2.240741903
-0.689512211,0.58999669,0.099997579,-0.623310408,-0.392530081,0.686363006,-0.498021323,0.093304844
1.4470045,0.58999669,0.83928412,-0.052336879,-0.079265955,0.173661156,-0.231654132,1.297869522
1.4470045,0.58999669,-0.204572662,0.333686752,-0.297298628,-0.495590878,-0.227878849,-0.026194213
1.4470045,0.58999669,0.009939037,-0.351915064,-0.102731826,-0.533904475,0.054218689,-0.34745874
1.4470045,0.58999669,-0.349583519,-0.113851351,0.155182307,-0.288985833,0.092181257,0.369181005
-0.689512211,0.58999669,-0.477357535,-0.291078065,-0.185125448,-0.545233765,-0.244448146,-0.274766435
1.4470045,0.58999669,-0.473957607,0.717677968,1.150114222,-0.394039246,0.952945789,0.203229793
1.4470045,0.58999669,-0.682697336,-0.05328534,0.528531692,0.273564891,0.649245243,0.077702594
1.4470045,0.58999669,0.090588478,-0.633066007,-0.360751187,-0.340276617,-0.48921233,-0.364479377
1.4470045,0.58999669,1.558724572,0.883794139,0.400469064,-0.573659982,0.209634507,0.498608767
1.4470045,0.58999669,0.728746945,0.055787676,0.739829765,0.004751747,0.802353943,-0.327246733
1.4470045,0.58999669,1.000424865,0.497093035,0.435615258,-0.572218073,0.45649607,0.228051555
-0.689512211,0.58999669,-0.138155475,-0.634420951,-0.434621331,-0.551001403,-0.402171082,-0.394620088
1.4470045,0.58999669,-0.86819105,0.40915715,0.438772102,-0.605176006,0.3411402,-0.157749554
-0.689512211,0.58999669,-0.484236458,0.04887746,-0.528063905,-0.459955112,-0.526755422,1.04716972
1.4470045,0.58999669,0.52190485,0.071911513,0.226000834,-0.178576757,-0.024013565,0.587257919
-0.689512211,0.58999669,-0.333690835,-0.447303143,0.159180975,-0.494972917,-0.076238313,-0.36306099
1.4470045,0.58999669,0.438488026,-0.173062417,-0.352438165,-0.413196044,-0.130560442,0.212449305
-0.689512211,0.58999669,-0.508668494,-0.667346098,-0.625189464,0.064076027,-0.525706732,-0.338948421
-0.689512211,0.58999669,1.524092753,-0.525618924,-0.366433506,1.305148204,-0.104972412,0.996107809
1.4470045,0.58999669,1.136421961,4.149751885,1.480320077,0.428879152,0.305275011,5.318285865
1.4470045,0.58999669,0.841814298,0.539231803,0.614608298,-0.032325927,0.335687013,1.508145311
1.4470045,0.58999669,0.329295009,-0.212220307,-0.037490389,-0.591374871,0.235222537,-0.520501884
-0.689512211,0.58999669,-0.166224643,-0.655151599,-0.53564033,0.016287024,-0.553601879,-0.245334916
-0.689512211,0.58999669,0.179935407,-0.676559719,-0.516278355,-0.53287454,-0.583384668,-0.357032848
1.4470045,0.58999669,-0.623633481,1.990106162,1.89470843,-0.394245233,1.200226828,1.305316051
-0.689512211,0.58999669,2.458044905,-0.500823443,-0.562157817,-0.385593775,-0.372178556,-0.248880883
-0.689512211,0.58999669,0.538825419,-0.296226854,0.332070784,-0.396305104,-0.156777685,0.509955859
-0.689512211,0.58999669,-0.742314668,-0.197451414,-0.50701828,-0.202677245,-0.432373346,-0.191436232
-0.689512211,0.58999669,0.761560198,-0.606780088,-0.533009627,-0.577985711,-0.411819027,-0.397102265
-0.689512211,0.58999669,1.401774435,-0.136885404,-0.065796755,0.629922545,-0.528643064,-0.156685764
-0.689512211,0.58999669,-0.830080236,-0.517218269,-0.598671976,-0.545233765,-0.503055034,-0.400648231
1.4470045,0.58999669,-0.894441652,-0.04136183,0.330387134,-0.461191035,0.284720692,-0.38610977
-0.689512211,0.58999669,1.419643821,-0.194335042,-0.265519735,-0.276626608,-0.423564352,1.099650018
1.4470045,0.58999669,0.250464134,0.644917459,0.476233314,-0.237283075,0.760196616,-0.287531913
1.4470045,0.58999669,-0.585838939,1.345830146,0.921558736,-0.625980701,0.854578692,-0.38717356
-0.689512211,0.58999669,3.491543767,-0.710162338,-0.741782226,1.427504532,-0.559894018,0.493289818
-0.689512211,0.58999669,0.950770111,-0.198399875,-0.336127806,1.326158887,-0.364208514,1.538640619
-0.689512211,0.58999669,0.567368995,-0.370071318,-0.209959285,-0.214006535,-0.06428325,0.452865805
1.4470045,0.58999669,-0.090951832,0.238298674,0.737619975,-0.594052704,0.842623629,-0.524402447
1.4470045,0.58999669,-0.899027601,0.717948956,1.688566535,-0.470666441,1.394234428,-0.515182935
1.4470045,0.58999669,-0.184252165,0.166757614,0.265145697,-0.521339263,0.364211374,-0.517665112
1.4470045,0.58999669,-0.539188773,2.201477473,1.428968752,-0.27436075,0.937844657,1.226950201
1.4470045,0.58999669,-0.703492241,1.120909392,1.473585477,-0.28919182,0.820181669,-0.025839616
1.4470045,0.58999669,2.567000718,6.566430542,5.010934105,0.970213207,4.465217437,1.751753181
1.4470045,0.58999669,-0.038055287,0.048199988,0.306921262,-0.512481819,0.469709561,-0.017329297
1.4470045,0.58999669,-0.556109342,2.115844993,2.206604591,-0.2624135,2.244512062,-0.128318036
-0.689512211,0.58999669,-0.453162702,-0.636995346,-0.628346307,0.162331866,-0.476628053,0.225923976
-0.689512211,0.58999669,-0.68419963,-0.23647381,-0.100522036,-0.583547362,-0.281781501,-0.433980312
1.4470045,0.58999669,2.270890761,-0.254765558,-0.218377535,-0.523193147,-0.061766395,-0.087539426
1.4470045,0.58999669,-0.910018064,0.633671421,0.376792736,-0.479523885,0.572481154,-0.461284251
-0.689512211,0.58999669,1.212011045,-0.589030317,-0.631818836,-0.13099374,-0.561571921,-0.068036612
-0.689512211,0.58999669,-0.532626122,-0.28633576,-0.310031231,-0.415049928,-0.179848859,-0.140019724
1.4470045,0.58999669,-0.624819502,3.264837761,1.990360795,-0.093916065,3.116392705,-0.065554436
1.4470045,0.58999669,-0.520528706,0.560504429,0.266829346,-0.624950766,0.983777267,-0.086121039
-0.689512211,0.58999669,0.140638572,-0.518437719,-0.663282045,-0.510009974,-0.556747948,-0.38610977
-0.689512211,0.58999669,-0.463599689,-0.059111601,0.009336126,-0.606205941,0.042473364,0.027704472
1.4470045,0.58999669,-0.269645691,-0.372781207,-0.010236305,-0.613003515,0.254518428,-0.460929654
1.4470045,0.58999669,1.893024411,4.413424046,5.434687762,0.037503694,4.995854441,0.174507468
1.4470045,0.58999669,-0.330290907,0.06080097,-0.148085148,0.222892069,0.250113931,-0.198882761
1.4470045,0.58999669,-0.205916819,0.786509138,0.823275668,-0.036239682,1.005799751,-0.081511283
-0.689512211,0.58999669,-0.572476434,-0.619110081,-0.49470659,0.134317623,-0.342815243,-0.134700775
1.4470045,0.58999669,-0.942119704,2.054466016,3.98569649,-0.62536274,4.477801714,-0.036122918
-0.689512211,0.58999669,-0.948128878,-0.577513291,-0.056220995,-0.596730536,0.123012736,-0.531139783
1.4470045,0.58999669,0.62564217,0.130445107,0.579883016,-0.374058499,0.47390432,-0.24498032
-0.689512211,0.58999669,-0.755439969,0.198327817,-0.416522093,0.576365904,-0.43908496,0.556762611
-0.689512211,0.58999669,-0.288463894,-0.403267454,-0.700638029,-0.472314337,-0.466770369,-0.489651979
-0.689512211,0.58999669,0.371991772,-0.509359592,-0.499757539,1.559542252,-0.58002886,-0.056689521
-0.689512211,0.58999669,0.497393745,-0.613825798,1.377512199,0.473990323,0.270877988,4.591008222
-0.689512211,0.58999669,-0.599359581,-0.08905587,-0.556685955,1.194739128,-0.327294635,-0.476531905
1.4470045,0.58999669,0.624535217,-0.062905445,0.080154654,1.042308686,-0.444118671,-0.310935289
1.4470045,0.58999669,-0.301272922,0.074079424,0.193906256,-0.368084873,-0.205646626,0.090468071
-0.689512211,0.58999669,0.663990188,-0.63130458,-0.836382309,0.275006801,-0.603729248,-0.194982198
-0.689512211,0.58999669,-0.892148678,-0.299343226,-0.149347885,0.918304462,-0.493407089,-0.223704523
1.4470045,0.58999669,0.016185416,0.935011034,2.166512676,-0.4537755,1.919627983,-0.182925913
-0.689512211,0.58999669,-0.09759355,-0.626155791,-0.619191461,-0.201029349,-0.54122734,-0.481496257
-0.689512211,0.58999669,-0.819168841,-0.343785399,-0.452089199,-0.453981487,-0.352253451,0.045434302
-0.689512211,0.58999669,-0.394968596,-0.673036864,-0.520066567,-0.544203829,-0.476418315,-0.353132285
1.4470045,0.58999669,-0.931524581,0.507255118,0.678902681,-0.574483931,1.035372802,-0.48539682
1.4470045,0.58999669,-0.129537054,0.465522833,0.321758427,-0.480965795,0.137484654,0.289751365
-0.689512211,0.58999669,0.701626594,-0.573583952,-0.649076248,-0.154888242,-0.489002592,-0.26696531
1.4470045,0.58999669,-0.010539595,-0.334571777,-0.330129803,-0.390125491,0.200406038,-0.498162298
1.4470045,0.58999669,0.325499741,5.474074446,8.926367385,-0.421435528,7.95861267,0.503218523
1.4470045,0.58999669,0.863795224,9.173207885,2.542597992,-0.429469024,3.605082119,-0.220513154
-0.689512211,0.58999669,2.472039955,-0.104502235,0.017438692,0.667412194,-0.273182245,4.548102032
-0.689512211,0.58999669,-0.327049116,-0.711923766,-0.411365915,1.37250598,-0.569751701,-0.524402447
-0.689512211,0.58999669,1.020270953,-0.265605112,-0.275832091,0.076435252,-0.509137435,0.58619413
-0.689512211,0.58999669,-0.047069048,-0.704607066,-0.664334326,0.056660492,-0.589886544,-0.413059112
-0.689512211,0.58999669,0.059593791,-0.41112613,-0.570470839,1.15786744,-0.47285277,-0.14462948
1.4470045,0.58999669,-0.221572299,2.93694124,2.534179742,0.032971978,3.36094715,1.278366709
-0.689512211,0.58999669,-0.054264243,-0.366683957,-0.619717601,6.578623523,-0.589467068,0.415987758
1.4470045,0.58999669,-0.504003477,0.87038019,0.354800058,-0.590344936,0.452301311,-0.454192319
-0.689512211,0.58999669,-0.948603287,-0.38971801,-0.17881176,-0.542143959,-0.5575869,-0.289304896
1.4470045,0.58999669,-0.947021925,-0.430908317,0.01754392,-0.602910148,0.208166342,-0.463766427
-0.689512211,0.58999669,-0.916976055,-0.750946161,-0.772508838,-0.473344273,-0.593032613,-0.518374305
-0.689512211,0.58999669,-0.909069247,-0.770186371,-0.754830513,-0.448419836,-0.592613137,-0.493907139
-0.689512211,0.58999669,-0.185200982,-0.4897129,-0.635817504,0.528782887,-0.559264804,-0.426179187
1.4470045,0.58999669,-0.032125181,0.268649426,0.441192349,0.03709172,1.080885936,0.533359235
1.4470045,0.58999669,-0.836563818,0.679333044,0.875047905,-0.304640852,0.814728482,0.111034675
1.4470045,0.58999669,-0.717012883,0.089796778,-0.028861683,-0.105245355,0.354773166,-0.049242992
-0.689512211,0.58999669,3.485455525,-0.310589263,0.100463682,3.080756862,-0.293946302,0.345068436
-0.689512211,0.58999669,0.166019426,-0.496487621,-0.474187105,-0.357579532,-0.291639184,-0.34639495
-0.689512211,0.58999669,0.283593659,-0.647970394,-0.41894234,-0.445330029,-0.575204888,-0.052079765
1.4470045,0.58999669,-0.833875504,0.073266458,0.289663849,-0.605381993,0.828151711,0.108552498
1.4470045,0.58999669,-0.253278598,0.657111957,0.729727866,-0.123784192,1.276781178,-0.030803969
1.4470045,0.58999669,-0.827787262,0.352384984,-0.102100458,-0.581899466,-0.078964907,-0.102432483
1.4470045,0.58999669,-0.837670771,1.481324576,2.213444419,-0.494148968,-0.429017539,-0.539650101
-0.689512211,0.58999669,-0.014413931,-0.562066926,-0.658441551,-0.163951674,-0.568912749,0.043306723
1.4470045,0.58999669,0.045756877,0.720523351,1.012054923,-0.466958673,0.749919457,-0.002081643
-0.689512211,0.58999669,0.557090145,-0.410042175,-0.576889755,1.190825373,-0.503055034,0.419533724
-0.689512211,0.58999669,0.192744436,-0.474402029,-0.654337654,0.030500133,-0.481661764,0.012811414
-0.689512211,0.58999669,0.47786393,-0.639027762,-0.626241745,-0.106481277,-0.579609384,-0.091794585
-0.689512211,0.58999669,-0.068496497,-0.677914664,-0.522276358,-0.073523344,-0.546470789,-0.32440996
-0.689512211,0.58999669,-0.065412842,-0.443780288,-0.483657636,-0.32029587,-0.539339699,-0.461993444
-0.689512211,0.58999669,-0.396154617,-0.259643357,-0.270570685,-0.293517549,-0.537452057,-0.129381826
-0.689512211,0.58999669,0.636395429,-0.529141779,-0.588149164,0.467810711,-0.518156166,-0.209875256
-0.689512211,0.58999669,-0.295896293,-0.467762802,-0.610773211,0.169747401,-0.548568168,-0.315545045
-0.689512211,0.58999669,0.407967748,-0.62276843,-0.477659633,-0.134907495,-0.567864059,-0.137892144
-0.689512211,0.58999669,-0.630986813,-0.347172759,-0.679066263,-0.139439211,-0.548987644,-0.450291756
-0.689512211,0.58999669,0.016738892,-0.758127366,-0.810917103,-0.222657992,-0.599115013,-0.235760808
1.4470045,0.58999669,-0.065650046,0.673777772,0.090782694,-0.180842615,-0.18991628,-0.490006576
-0.689512211,0.58999669,1.901563763,-0.562879892,-0.525117517,0.353281892,-0.499489489,0.034087211
-0.689512211,0.58999669,5.079072661,-0.314789591,-0.089367854,2.773836108,-0.44118234,-0.215194205
-0.689512211,0.58999669,0.570768923,-0.536051995,-0.662229763,1.055285872,-0.531159919,-0.369443729
1.4470045,0.58999669,0.748355829,0.196024411,0.287664515,-0.451509642,-0.103923722,0.434072185
-0.689512211,0.58999669,-0.93777096,0.413357477,-0.434410874,-0.603528109,-0.381616763,-0.539650101
-0.689512211,0.58999669,2.396688075,-0.659893904,-0.677803526,-0.278892466,-0.518365904,0.104297339
-0.689512211,0.58999669,-0.383582793,-0.45638127,-0.763143535,0.668236143,-0.521511973,-0.217676381
-0.689512211,0.58999669,-0.782718456,-0.705555527,-0.803656363,-0.561506744,-0.589676806,-0.430788943
-0.689512211,0.58999669,0.229511093,-0.510037065,-0.575837473,-0.514129715,-0.404058723,-0.424406204
-0.689512211,0.58999669,-0.202912232,-0.64417655,-0.70674126,-0.542967907,-0.550665548,-0.400293634
-0.689512211,0.58999669,-0.364685522,-0.530361229,-0.607932051,-0.484467575,-0.594500779,-0.350295512
-0.689512211,0.58999669,-0.450711592,-0.610709426,-0.564051923,-0.391773388,-0.562620611,-0.425115397
-0.689512211,0.58999669,-0.583150625,0.37704497,-0.096944279,0.309612631,-0.091129708,0.006074079
-0.689512211,0.58999669,-0.70475733,0.309433249,0.034801332,-0.496620813,-0.453137403,-0.527948413
-0.689512211,0.58999669,0.121504097,-0.208561957,-0.306979616,-0.600850277,-0.552133714,0.619171614
-0.689512211,0.58999669,-0.522900748,-0.110734979,-0.484920374,-0.462838932,-0.47075539,-0.211293642
-0.689512211,0.58999669,0.444576268,-0.205445585,-0.068006545,-0.163333712,-0.403010034,0.386910836
-0.689512211,0.58999669,1.453168686,1.010210442,-0.290669256,-0.566656421,-0.593661827,-0.026548809
-0.689512211,0.58999669,1.979524889,0.183694418,0.031749717,-0.015846961,-0.600163703,-0.539650101
-0.689512211,0.58999669,-0.126137127,-0.569112636,-0.721367969,1.102662901,-0.520673022,-0.42795217
-0.689512211,0.58999669,0.539774236,-0.287148727,-0.627504482,-0.608471799,-0.496133682,-0.469439973
1.4470045,0.58999669,0.793740906,0.350623556,2.824398909,-0.624126818,2.036452019,1.030149083
-0.689512211,0.58999669,-0.334560584,-0.52304453,-0.607616367,-0.442034236,-0.589047592,-0.356323655
-0.689512211,0.58999669,-0.221176958,-0.328339034,-0.551845461,-0.367878886,-0.377422004,-0.354196075
-0.689512211,0.58999669,-0.48044119,-0.706232999,-0.77966435,0.201881386,-0.545002623,-0.386818963
-0.689512211,0.58999669,1.566473244,-0.591198228,-0.66296636,-0.467988609,-0.580658074,-0.030094775
-0.689512211,0.58999669,0.334039094,-0.538084412,-0.650970354,-0.457071293,-0.568703011,-0.16235931
-0.689512211,0.58999669,-0.846921737,-0.334436283,-0.623926726,-0.523399134,-0.550875286,0.088340492
-0.689512211,0.58999669,0.540802121,-0.599598883,-0.506807824,-0.014611038,-0.530530705,-0.475468115
-0.689512211,0.58999669,-0.675027733,0.467961733,-0.587517795,-0.472314337,-0.541017602,0.03621479
-0.689512211,0.58999669,-0.899660146,-0.777909553,-0.822281741,-0.617329244,-0.602890297,-0.537877118
1.4470045,0.58999669,-0.791574081,0.663073712,1.211041306,-0.584783285,1.823777742,0.222732606
1.4470045,0.58999669,-0.646009748,-0.068460716,0.726465794,-0.56748037,0.79962735,0.587612516
-0.689512211,0.58999669,0.45643648,-0.600276355,-0.576363614,0.063046092,-0.434260988,-0.392492509
1.4470045,0.58999669,-0.722626716,0.10483666,0.175386106,-0.441210288,0.235432275,0.055717604
1.4470045,0.58999669,-0.920771323,0.258487344,0.708261328,-0.550795416,1.08969493,-0.433271119
1.4470045,0.58999669,-0.812448054,-0.290671582,0.512537017,-0.463044919,0.323522212,0.224150993
-0.689512211,0.58999669,0.034292006,-0.712194754,-0.806918434,-0.40784038,-0.603729248,0.251100335
-0.689512211,0.58999669,0.251175747,-0.51112102,-0.43577884,-0.083822698,-0.555699259,-0.32440996
1.4470045,0.58999669,-0.511514945,1.345423663,1.990781708,-0.145206849,2.274504588,-0.382563804
1.4470045,0.58999669,-0.535788845,0.244802406,0.066580226,-0.109571084,0.166218752,-0.456319898
1.4470045,0.58999669,0.285807565,0.929049279,1.2529221,0.278714568,0.88645886,0.30287144
1.4470045,0.58999669,-0.567574213,0.125296319,0.128243907,-0.428233102,0.438668345,0.748953973
-0.689512211,0.58999669,-0.717487291,-0.352457042,-0.492812483,-0.549353507,-0.251998712,-0.294978442
-0.689512211,0.58999669,-0.489534019,-0.68577334,-0.75219981,-0.345838268,-0.587789164,-0.388591946
-0.689512211,0.58999669,-0.52076591,-0.68821224,-0.609931386,-0.138615262,-0.589886544,-0.274766435
1.4470045,0.58999669,-0.92828279,0.390052435,0.576515716,-0.40289669,0.866953231,-0.426179187
1.4470045,0.58999669,-0.933026875,2.718795207,1.248502519,-0.498680684,1.23567254,1.67551491
-0.689512211,0.58999669,-0.873330475,-0.042987764,-0.148926973,-0.564184576,-0.008702695,-0.290014089
1.4470045,0.58999669,-0.908199498,0.254828994,1.247345009,-0.439768378,1.458623977,-0.28682272
-0.689512211,0.58999669,-0.92622702,-0.621684475,-0.285197394,-0.114720761,-0.572268556,-0.029385582
1.4470045,0.58999669,-0.763583981,0.277592058,0.412780755,-0.622066947,0.27570196,0.061036553
-0.689512211,0.58999669,2.659826643,0.157408499,-0.148926973,0.884934554,-0.283039928,-0.459156671
-0.689512211,0.58999669,0.059989131,0.207812427,-0.359698906,-0.271888905,-0.600163703,0.392229785
-0.689512211,0.58999669,-0.078933484,0.173261347,-0.316344919,-0.395481155,-0.579189909,-0.400648231
-0.689512211,0.58999669,-0.699222565,-0.123064972,-0.573627683,0.289425897,-0.547100003,0.226987766
-0.689512211,0.58999669,0.028124695,0.032482634,0.098464348,-0.549971468,-0.31450062,0.450029032
-0.689512211,0.58999669,7.918723656,3.228931737,1.072982007,2.816475434,0.433424896,2.491087109
-0.689512211,0.58999669,-0.893967244,0.370812226,0.270091418,-0.541525997,0.844301533,-0.48539682
-0.689512211,0.58999669,1.964581022,5.169618461,1.285753275,6.892753825,-0.554231093,16.45971129
-0.689512211,0.58999669,-0.922985229,-0.66097786,-0.341073528,-0.617535231,-0.534305988,-0.536813328
-0.689512211,0.58999669,-0.302854284,0.088306339,-0.71684316,-0.183520447,-0.592193661,-0.453128529
-0.689512211,0.58999669,-0.710924641,-0.714769149,-0.746833175,0.081996904,-0.405317151,-0.282922157
-0.689512211,0.58999669,-0.756072514,0.298864684,0.196536959,0.65855475,0.121125094,-0.539650101
1.4470045,0.58999669,-0.313133134,0.249680206,0.393103096,-0.0646659,0.830039352,-0.397456861
1.4470045,0.58999669,-0.882897713,0.783257272,0.375740455,-0.576131827,0.240256247,0.117417414
-0.689512211,0.58999669,0.390256498,0.061478442,-0.628241079,0.877519019,-0.579609384,-0.518019708
-0.689512211,0.58999669,0.12838302,-0.74539089,-0.691377954,-0.449449771,-0.59533973,-0.510927776
-0.689512211,0.58999669,-0.513254443,-0.587404384,-0.599829486,-0.520103341,-0.565137466,-0.395683878
1.4470045,0.58999669,-0.934608237,-0.313163657,1.298591106,-0.435236662,0.57394932,-0.30455255
-0.689512211,0.58999669,-0.386903652,-0.648241383,-0.523749552,-0.466752686,-0.529901491,-0.135764565
-0.689512211,0.58999669,0.397135421,-0.08905587,-0.286354903,0.992047838,-0.53514494,0.081603156
-0.689512211,-1.993073394,1.472540366,0.191417601,-0.321395869,3.22144604,-0.444328409,0.479105954
1.4470045,-1.993073394,-0.756942263,0.176242225,0.256727447,-0.400630832,0.300451038,-0.02016607
-0.689512211,-1.993073394,-0.024850918,-0.493506744,-0.118621273,0.093738167,-0.480193598,-0.293560055
-0.689512211,-1.993073394,-0.184252165,-0.476434446,-0.614456195,-0.525664992,-0.520043808,-0.417668868
1.4470045,-1.993073394,-0.706338692,1.008584509,1.596912838,0.17901682,1.484421745,-0.28150377
1.4470045,-1.993073394,-0.594299224,1.165622554,1.763278503,0.098269883,2.381261203,0.055363007
-0.689512211,-1.993073394,1.043912309,0.771062773,0.161916907,0.410546302,-0.544792885,1.889691261
-0.689512211,-1.993073394,-0.902743801,-0.692548062,-0.60351247,-0.536170333,-0.404268461,-0.534331152
-0.689512211,-1.993073394,-0.794183328,-0.664636209,-0.286775816,-0.347898139,-0.603309772,-0.069809595
1.4470045,-1.993073394,-0.861312127,0.801413525,1.646264829,-0.436060611,1.33886361,-0.288950299
-0.689512211,-1.993073394,-0.444939622,-0.679676091,-0.736731276,-0.451921616,-0.543953934,-0.439653858
1.4470045,-1.993073394,-0.747928502,-0.143524631,-0.195963944,-0.025940328,0.51060846,-0.498162298
-0.689512211,-1.993073394,-0.827312853,-0.277528622,-0.222376204,-0.249848287,0.104765534,-0.254909025
1.4470045,-1.993073394,-0.510012651,0.939346855,0.927661967,-0.454805435,2.00058683,-0.258100394
-0.689512211,-1.993073394,0.519216535,-0.528599801,-0.690115216,-0.261795538,-0.553182403,0.203938986
1.4470045,-1.993073394,0.009385561,3.052653483,3.340227175,0.342776551,3.466655075,0.476978374
-0.689512211,-1.993073394,-0.372355126,-0.648241383,-0.619717601,-0.366848951,-0.554021355,0.088695088
-0.689512211,-1.993073394,-0.686571672,0.109172482,-0.114727832,-0.359021442,0.226413543,-0.109879012
1.4470045,-1.993073394,-0.762081688,0.102262266,0.359114412,-0.444712068,0.645050484,-0.260227974
-0.689512211,-1.993073394,-0.726975461,0.673235795,0.798336603,-0.349752023,0.617994289,0.306062809
1.4470045,-1.993073394,-0.748640114,1.4637103,3.002655352,-0.595906587,2.186834127,-0.301715777
-0.689512211,-1.993073394,0.47786393,-0.585507462,-0.621401251,-0.11121898,-0.577092529,-0.130091019
1.4470045,-1.993073394,-0.947417265,0.231388458,0.763295637,-0.368084873,0.401754466,1.718775696
-0.689512211,-1.993073394,-0.620312622,-0.735635291,-0.690430901,-0.157772061,-0.586320999,-0.494616332
-0.689512211,-1.993073394,0.217809017,-0.663552254,-0.691272726,-0.269211073,-0.592613137,-0.275121032
-0.689512211,-1.993073394,-0.522189136,0.231252963,0.283560618,-0.614033451,0.26961956,-0.455965302
-0.689512211,-1.993073394,-0.550258304,-0.634285457,-0.536166471,0.911300901,-0.550665548,-0.407740163
1.4470045,-1.993073394,-0.72824055,-0.442967322,-0.282671919,0.523221236,-0.43908496,-0.058462504
-0.689512211,-1.993073394,-0.373699283,-0.696070917,-0.678961035,-0.471284402,-0.589676806,-0.307034726
-0.689512211,-1.993073394,0.053742753,-0.34595331,-0.399264681,-0.4968268,-0.444747885,-0.262000957
1.4470045,-1.993073394,0.694352331,0.016900775,0.132663488,-0.270446996,-0.065751416,0.009974641
-0.689512211,-1.993073394,-0.629247315,-0.486732023,-0.672226435,-0.161891803,-0.549197382,-0.296396828
-0.689512211,-1.993073394,-0.801062251,-0.70718146,-0.776507507,-0.437090546,0.394413638,-0.46873078
-0.689512211,-1.993073394,-0.264427197,-0.413294041,-0.573522455,0.77720331,-0.458800327,-0.193209215
1.4470045,-1.993073394,-0.073398718,0.026114396,-0.245842075,1.081240245,-0.404058723,0.217059061
-0.689512211,-1.993073394,-0.763504913,0.661447779,-0.433884734,-0.336362862,-0.275908838,-0.366961553
-0.689512211,-1.993073394,1.103924981,-0.544181661,-0.432832452,-0.501358516,-0.544792885,-0.24498032
-0.689512211,-1.993073394,-0.872618862,-0.110057507,-0.487761533,-0.439768378,-0.518575642,-0.538231715
-0.689512211,-1.993073394,0.284858749,-0.419120302,-0.433358593,0.244726699,-0.53619363,0.368117216
-0.689512211,-1.993073394,-0.803513361,0.079092718,-0.53953377,-0.381886008,-0.349317119,-0.436107892
-0.689512211,-1.993073394,-0.266087627,-0.674256314,-0.516067899,-0.156536139,-0.517317214,-0.460929654
-0.689512211,-1.993073394,0.529100045,-0.265334124,-0.774297716,0.321765869,-0.5984858,-0.109879012
-0.689512211,-1.993073394,-0.366662224,-0.721001892,-0.775139541,-0.403720639,-0.58925733,-0.464121024
-0.689512211,-1.993073394,2.806339793,-0.437547544,-0.439040912,0.447212002,-0.430695443,0.258192267
-0.689512211,-1.993073394,0.798247787,-0.300969159,-0.09578677,1.72000619,-0.532418347,0.368471812
-0.689512211,-1.993073394,1.022247655,-0.541336278,-0.576258386,-0.176310899,-0.517946428,-0.169451242
-0.689512211,-1.993073394,0.49225432,-0.696070917,-0.530063239,0.140085261,-0.481452026,-0.335757052
-0.689512211,-1.993073394,-0.062487323,-0.300833664,-0.298035225,-0.517219522,-0.251579237,0.309608775
-0.689512211,-1.993073394,-0.458460264,0.268107448,0.301554628,-0.389095556,0.054847903,0.157841427
1.4470045,-1.993073394,-0.706734032,0.048470977,0.627656585,-0.585401246,1.269230612,0.446483066
-0.689512211,-1.993073394,-0.246320607,-0.45638127,-0.649707617,-0.266739228,-0.514171145,-0.32440996
-0.689512211,-1.993073394,0.124034275,-0.738480674,-0.785241441,-0.204943103,-0.595129992,-0.307034726
-0.689512211,-1.993073394,0.290235378,-0.07008665,-0.583519126,-0.517631496,-0.486485736,-0.337884631
-0.689512211,-1.993073394,-0.313133134,-0.271160384,-0.618875776,0.673179833,-0.411819027,-0.437526278
-0.689512211,-1.993073394,-0.69653425,-0.515321347,-0.647392598,-0.276420621,-0.555279783,-0.288950299
1.4470045,-1.993073394,-0.463836893,2.349030907,2.697493791,0.756810589,3.295508911,1.275175339
-0.689512211,-1.993073394,-0.425172602,-0.533342107,-0.337916684,0.949820486,-0.561362183,0.059618167
-0.689512211,-1.993073394,1.385723615,0.293309412,0.948602364,-0.543791855,-0.528223588,-0.047470009
-0.689512211,-1.993073394,-0.128192897,1.649744153,-0.337074859,0.332477197,-0.279893859,0.617044035
-0.689512211,-1.993073394,1.550817764,-0.71910497,-0.679381948,0.035031849,-0.58107755,-0.322636977
-0.689512211,-1.993073394,-0.071817357,-0.10680564,-0.284355569,-0.539466127,-0.522141187,-0.408449356
-0.689512211,-1.993073394,-0.27873852,-0.523722002,-0.638553436,0.397981089,0.149229979,-0.190727039
-0.689512211,-1.993073394,3.485534593,-0.167100662,-0.613193458,0.690070774,-0.451249761,0.636901445
-0.689512211,-1.993073394,3.257976661,-0.113444867,-0.064744473,-0.01234518,-0.401541868,-0.250653866
-0.689512211,-1.993073394,-0.221967639,-0.123471455,-0.609720929,-0.565420499,-0.440762864,-0.34639495
-0.689512211,-1.993073394,-0.327523525,-0.634962929,-0.721578426,0.771641658,-0.594081303,-0.438944665
-0.689512211,-1.993073394,0.890045826,-0.599463388,-0.660230429,-0.430498959,-0.514380883,-0.308453113
-0.689512211,-1.993073394,-0.778606916,-0.634285457,-0.13335321,0.257909873,0.002623154,-0.394974685
1.4470045,-1.993073394,-0.864000442,0.526088843,0.788550387,-0.620213063,0.649874457,-0.092149182
-0.689512211,-1.993073394,-0.481627211,2.402415713,0.604822082,1.459020555,-0.430275967,0.748599376
1.4470045,-1.993073394,-0.903613549,0.537470375,1.497472261,-0.175280963,0.419582192,0.368117216
-0.689512211,-1.993073394,0.703128887,-0.619787553,-0.565630345,0.186020381,-0.449781596,0.745762603
1.4470045,-1.993073394,-0.007297804,0.3057749,1.251764591,-0.412578083,0.732511207,-0.293205459
-0.689512211,-1.993073394,0.254417538,-0.750404184,-0.716948388,-0.114514774,-0.534515726,-0.468376183
-0.689512211,-1.993073394,-0.575639157,-0.645531495,-0.734100572,0.500150683,-0.563040087,-0.520856481
-0.689512211,-1.993073394,-0.784141682,-0.106941135,-0.672226435,-0.402072742,-0.573526984,0.008910852
-0.689512211,-1.993073394,-0.908199498,0.342358396,-0.113886007,-0.523811108,-0.584852833,-0.171933419
-0.689512211,0.58999669,1.96220898,-0.372781207,-0.679592404,0.356371699,-0.560313493,0.106070322
-0.689512211,0.58999669,-0.878153628,-0.554614732,-0.642973017,-0.479523885,-0.445167361,-0.131864002
-0.689512211,0.58999669,-0.895074197,-0.567215714,-0.813232122,-0.455217409,-0.584223619,-0.406321777
-0.689512211,0.58999669,1.257237986,-0.277393128,-0.103889336,0.289837871,-0.477886481,0.346841419
-0.689512211,0.58999669,-0.232404625,-0.673036864,-0.764827185,2.852317187,-0.474111198,-0.491424963
-0.689512211,0.58999669,-0.024297441,-0.471421152,-0.569102873,0.571216226,-0.546890265,-0.04108727
1.4470045,0.58999669,0.423781364,0.054703721,0.183383444,-0.366436977,0.154892903,0.069546872
-0.689512211,0.58999669,-0.682697336,-0.39459581,-0.580888423,-0.431528895,-0.569332225,-0.149239236
1.4470045,0.58999669,0.018794662,0.177732663,-0.180600638,-0.407634393,-0.116088523,0.196492457
-0.689512211,0.58999669,2.930476678,-0.248126331,-0.389268009,0.596964612,-0.38602126,-0.042860253
-0.689512211,0.58999669,1.088506705,-0.29582037,-0.624873779,1.489506644,-0.538500747,-0.049952185
-0.689512211,0.58999669,4.502982636,-0.187695815,0.490123426,1.157661453,-0.446845264,0.312445548
-0.689512211,0.58999669,2.233965968,-0.698645311,-0.457876746,-0.418139734,-0.512912718,-0.534331152
-0.689512211,0.58999669,-0.383582793,-0.480905762,-0.706004663,-0.299285187,-0.34721974,-0.495325525
-0.689512211,0.58999669,0.265170797,-0.500552454,-0.539112858,1.090509663,-0.523399615,-0.176543174
-0.689512211,0.58999669,0.336806477,-0.704878055,-0.700322345,-0.458101229,-0.511025076,-0.449227966
-0.689512211,0.58999669,2.434166345,-0.74661034,-0.787135547,-0.346868204,-0.597646848,-0.532912766
-0.689512211,0.58999669,-0.734724132,-0.492693777,-0.558685289,-0.529372759,-0.401961344,-0.001017853
-0.689512211,0.58999669,-0.472692518,-0.330913428,-0.49354908,-0.116368657,-0.559894018,-0.297460618
-0.689512211,0.58999669,-0.724445282,-0.367225935,-0.381165443,0.15780015,-0.431324656,-0.164841486
1.4470045,-0.701538352,-0.632884446,0.719032912,0.475391489,-0.446977926,0.644001794,-0.277957804
-0.689512211,-0.701538352,0.733174757,-0.512611459,-0.147453779,-0.445536017,-0.434260988,0.11670822
1.4470045,-0.701538352,-0.348871906,-0.528328813,-0.285933991,-0.546881662,-0.141257077,-0.450646353
-0.689512211,-0.701538352,0.560331936,-0.60867701,-0.453351937,-0.005547607,-0.45544452,-0.222286137
1.4470045,-0.701538352,-0.30917973,-0.351915064,-0.101574317,-0.333067069,0.174188794,-0.352423092
1.4470045,-0.701538352,-0.414498412,-0.167507145,0.211900266,-0.440386339,0.347432338,-0.172997208
-0.689512211,-0.701538352,-0.913734264,-0.666262143,-0.619928058,-0.578397685,-0.543534458,-0.44887337
1.4470045,-0.701538352,0.351671275,0.060529981,-0.167447123,-0.463044919,-0.046036049,0.170252308
1.4470045,-0.701538352,-0.531123829,1.018882086,1.309850515,-0.260147642,1.231268044,-0.479723274
1.4470045,-0.701538352,-0.720650014,-0.066970278,0.192959203,-0.557798977,0.703567371,-0.343912774
1.4470045,-0.701538352,-0.743342553,-0.285658288,0.618501738,-0.53143263,1.507492919,-0.519792691
1.4470045,-0.701538352,-0.93611053,0.225426703,1.770118331,-0.505684245,1.866983759,0.313863935
1.4470045,-0.701538352,-0.929626948,0.967800686,0.094781363,-0.468194596,0.21550717,-0.465894007
1.4470045,-0.701538352,-0.437428155,0.958045087,1.433072649,-0.253762042,0.980840936,0.006428675
-0.689512211,-0.701538352,0.421172117,-0.463697969,-0.537639664,-0.396099117,-0.530740443,-0.212712029
-0.689512211,-0.701538352,-0.396391822,-0.647157428,-0.520277024,-0.547087649,-0.55045581,-0.308098516
1.4470045,-0.701538352,-0.876255994,2.013275709,0.59093197,-0.331007198,0.831507518,-0.254909025
-0.689512211,-0.701538352,-0.392675622,-0.583204057,-0.583624355,1.956273374,-0.541646816,-0.14462948
-0.689512211,-0.701538352,1.394342035,-0.468982252,0.034590876,-0.00534162,-0.526545684,-0.499226088
1.4470045,-0.701538352,-0.779872006,-0.279019061,1.180735607,-0.370350731,2.986355178,-0.490361173
-0.689512211,-0.701538352,-0.175238404,-0.660029399,-0.583624355,0.283246284,-0.565976418,-0.435398698
-0.689512211,-0.701538352,-0.109374694,-0.542149244,-0.032018527,-0.327299431,-0.424613042,-0.103496273
1.4470045,-0.701538352,-0.831898802,1.244615807,0.418042161,-0.496414826,0.211731887,0.70321101
-0.689512211,-0.701538352,-0.385322291,-0.599056905,-0.605090892,-0.080938879,-0.586950213,-0.165196083
-0.689512211,-0.701538352,-0.855382021,-0.366954946,-0.193333241,-0.431322908,-0.432163608,0.039760756
-0.689512211,-0.701538352,-0.015837157,-0.417765358,-0.462296327,-0.195879672,-0.456283472,-0.522629464
1.4470045,-0.701538352,-0.177215106,2.611619113,1.020052261,-0.400424845,1.998069975,0.035505597
-0.689512211,-0.701538352,-0.808573718,-0.284574333,-0.59677787,-0.526900914,-0.546680527,-0.24498032
-0.689512211,-0.701538352,-0.224972226,-0.528328813,-0.292984275,-0.073729331,-0.55653821,-0.146047866
-0.689512211,-0.701538352,0.306839675,-0.688754218,-0.487866761,0.129991894,-0.296043681,-0.459511268
-0.689512211,-0.701538352,0.107509047,-0.657455005,0.383211652,-0.444300094,-0.25220845,-0.337530035
-0.689512211,-0.701538352,1.105111002,-0.299343226,-0.577415895,-0.144794875,-0.57499515,-0.153494395
-0.689512211,-0.701538352,1.638029855,1.48877677,0.597140429,11.9054495,-0.337571794,1.448218484
-0.689512211,-0.701538352,-0.599833989,-0.567215714,-0.686116548,0.087764542,-0.523189877,-0.24498032
-0.689512211,-0.701538352,-0.905985592,-0.663552254,-0.661598395,-0.547499623,-0.585901523,-0.355614462
-0.689512211,-0.701538352,0.390019294,-0.48605455,-0.48007988,0.984014341,-0.560313493,0.003237306
-0.689512211,-0.701538352,-0.544565402,-0.584017023,-0.3544375,0.423317501,-0.501167393,-0.278666998
-0.689512211,-0.701538352,-0.174763996,-0.543368694,-0.299087506,0.102595612,-0.566186156,-0.170869629
1.4470045,-0.701538352,-0.061459438,1.230930869,1.987519636,-0.378590214,1.41038425,-0.149948429
-0.689512211,-0.701538352,0.816038104,-0.349611659,-0.684432898,-0.177958795,-0.567025108,0.381946483
1.4470045,-0.701538352,-0.271622393,-0.110599484,6.24494432,-0.605793967,7.387076767,-0.109879012
1.4470045,-0.701538352,0.381321805,-0.659622915,-0.548057249,1.74822642,-0.534725464,0.695409885
1.4470045,-0.701538352,1.192481229,0.138303784,0.298713468,-0.351605907,0.257874235,0.217768254
-0.689512211,-0.701538352,0.155740575,-0.580629663,-0.696744588,-0.498886671,-0.573736722,-0.26483773
-0.689512211,-0.701538352,-0.209474882,-0.602850749,-0.561947361,1.050136195,-0.51165429,-0.232924035
-0.689512211,-0.701538352,-0.948603287,-0.740242101,-0.097891333,2.580826211,-0.601212393,-0.345685757
-0.689512211,-0.701538352,-0.741919328,-0.624394364,-0.275621635,1.341401931,-0.484178619,0.147912722
1.4470045,0.58999669,-0.918715553,-0.239996665,0.180857969,-0.552855287,0.920646145,-0.054561941
1.4470045,0.58999669,-0.765402547,-0.004507345,0.345855668,-0.474786182,0.478308816,0.224505589
-0.689512211,0.58999669,-0.928678131,-0.005184818,-0.213431813,-0.560888783,0.359387401,-0.069809595
1.4470045,0.58999669,-0.815294505,0.158221465,1.932485327,-0.332861082,2.640077829,-0.527593817
-0.689512211,0.58999669,-0.708236326,-0.626562274,-0.65118081,-0.172603131,-0.558845328,-0.406321777
-0.689512211,0.58999669,-0.854116932,-0.432805239,0.040378423,-0.549971468,0.201664465,-0.433271119
1.4470045,0.58999669,-0.729742843,0.154834105,0.798652287,-0.07805506,0.779911983,-0.145338673
1.4470045,0.58999669,1.216043517,0.18803024,0.458765445,-0.054160558,0.364840588,-0.178316158
-0.689512211,0.58999669,-0.677795115,-0.462885003,-0.623295357,-0.356549597,-0.356028734,-0.304907147
1.4470045,0.58999669,-0.475934309,1.198412206,1.322688346,-0.219774173,1.958219765,-0.3829184
-0.689512211,0.58999669,-0.670441784,-0.636453368,-0.626557429,-0.262825474,-0.568073797,-0.187890266
1.4470045,0.58999669,-0.853168115,0.57554431,1.509257811,-0.274154763,2.046309703,0.571655669
-0.689512211,0.58999669,-0.900767099,-0.635504907,-0.675383279,-0.461808996,-0.585482047,-0.471567552
1.4470045,0.58999669,-0.939589526,0.063375364,1.394453927,-0.58581322,1.216586387,-0.146757059
-0.689512211,0.58999669,0.161196273,0.216348576,-0.568576733,0.682655239,-0.32477778,0.289396769
-0.689512211,0.58999669,-0.933817556,-0.686857296,-0.624979007,-0.58231144,-0.56576668,-0.495680122
-0.689512211,0.58999669,0.844897953,-0.767205493,-0.813758263,0.017522947,-0.602470821,-0.34639495
1.4470045,0.58999669,-0.945914972,-0.612606348,1.506942792,-0.604558045,0.810743461,-0.501708264
-0.689512211,0.58999669,-0.888827819,1.743506299,-0.662019307,0.626626752,-0.491938923,0.913132202
-0.689512211,0.58999669,-0.8859023,0.011074514,-0.614771879,-0.562742667,-0.555699259,-0.265546923
-0.689512211,0.58999669,0.612437801,-0.396221743,-0.625610376,-0.097005872,-0.506201103,-0.362351797
-0.689512211,0.58999669,-0.574532204,-0.703116628,-0.745780894,-0.384357853,-0.571010129,-0.397102265
-0.689512211,0.58999669,-0.781137095,-0.568435164,-0.578573405,-0.517425509,-0.56681537,-0.288241106
-0.689512211,0.58999669,-0.582992488,-0.6502738,-0.369695578,-0.593434742,-0.324358304,-0.429370556
-0.689512211,0.58999669,-0.742077464,-0.667075109,-0.676330332,-0.405574522,-0.496553158,-0.374762678
1.4470045,0.58999669,-0.577853063,0.044948122,0.007757704,-0.299285187,0.342608365,0.560308577
-0.689512211,0.58999669,-0.192870586,-0.484970595,-0.661598395,-0.391155427,-0.557796638,-0.382209207
-0.689512211,0.58999669,-0.673920779,-0.664229726,-0.780506175,-0.332655095,-0.5515045,-0.419441851
-0.689512211,0.58999669,0.817145058,-0.623310408,-0.583519126,-0.211328703,-0.58317493,-0.342848984
-0.689512211,0.58999669,-0.457748651,-0.739700124,-0.764827185,-0.408458342,-0.595759206,-0.435753295
1.4470045,0.58999669,2.188501823,-0.250971714,-0.315292637,-0.351811894,-0.494665516,0.251809528
-0.689512211,0.58999669,0.640823241,-0.529683757,-0.632660661,1.048900273,-0.454186093,-0.260582571
-0.689512211,0.58999669,-0.641740071,-0.270347417,-0.664018642,-0.45233359,-0.521092497,1.17163313
1.4470045,0.58999669,0.243189871,0.062426903,-0.05822033,-0.322973702,-0.202500557,0.56314535
-0.689512211,0.58999669,-0.447707005,-0.479686312,-0.661177482,-0.325445547,-0.539129961,-0.297460618
-0.689512211,0.58999669,-0.48700384,-0.588894823,-0.714422913,-0.509803987,-0.5045232,-0.515892128
1.4470045,0.58999669,-0.700882994,0.383955186,0.592931304,0.529194861,0.374278795,-0.035059128
-0.689512211,0.58999669,2.118447504,-0.358012314,-0.55805392,-0.419787631,-0.584223619,-0.100304904
-0.689512211,0.58999669,-0.693845935,-0.339043094,-0.636554101,-0.574689918,-0.590096282,-0.14569327
1.4470045,0.58999669,-0.628772906,-0.085668509,0.256727447,-0.605999954,-0.433841512,-0.477241098
-0.689512211,0.58999669,1.285386222,-0.657455005,-0.610878439,0.166657595,-0.478515694,-0.444972807
-0.689512211,0.58999669,0.456199276,-0.163306818,-0.666544117,1.4120555,-0.552762927,-0.352068496
-0.689512211,0.58999669,1.775371109,0.222039342,0.054478992,-0.109571084,-0.245496836,0.485134096
-0.689512211,0.58999669,-0.804857519,-0.600547344,-0.473660965,0.19240598,-0.521092497,-0.412704516
-0.689512211,0.58999669,-0.104156201,2.176275509,0.783815121,0.115984772,-0.545212361,1.274820743
-0.689512211,0.58999669,-0.02888339,-0.660435882,-0.666859801,-0.100713639,-0.564088776,-0.162004714
-0.689512211,0.58999669,-0.853484387,-0.294871909,-0.536061242,-0.232133398,-0.530320967,-0.197818971
-0.689512211,0.58999669,0.705105589,-0.525754418,-0.671174154,-0.229043592,-0.555908997,-0.199946551
-0.689512211,0.58999669,-0.175159336,-0.67046247,-0.713370632,-0.287337937,-0.562410873,-0.396747668
-0.689512211,0.58999669,-0.206786568,-0.578055268,-0.687063601,-0.010903271,-0.556747948,-0.298169811
-0.689512211,0.58999669,-0.683804289,-0.625342825,-0.696955045,0.500562657,-0.539129961,-0.186117283
-0.689512211,0.58999669,-0.739547285,-0.411261625,-0.593305342,-0.445947991,-0.584433357,0.107134112
-0.689512211,0.58999669,-0.907883226,-0.218995028,-0.457876746,-0.497032787,-0.578770433,-0.308807709
-0.689512211,0.58999669,0.919696356,0.126515769,-0.43241154,1.142830383,-0.523609353,-0.250299269
-0.689512211,0.58999669,0.029785125,-0.668159065,-0.499547083,-0.344808333,-0.573107508,-0.380436224
-0.689512211,0.58999669,-0.189628795,-0.607051077,-0.703794873,-0.031090005,-0.427968849,-0.437880875
1.4470045,0.58999669,-0.591848113,0.839351966,0.146658828,-0.088148427,0.10413632,0.244008403
-0.689512211,0.58999669,-0.036790198,-0.559628026,-0.686432232,0.7757614,-0.590935234,-0.277248611
-0.689512211,0.58999669,-0.044143529,-0.645531495,-0.775455225,0.477492104,-0.588837854,-0.453128529
-0.689512211,0.58999669,-0.188838114,-0.70718146,-0.738309697,-0.302992955,-0.505991365,-0.407740163
-0.689512211,0.58999669,-0.597303811,-0.662603793,-0.706425576,0.103831535,-0.572268556,-0.18115293
-0.689512211,0.58999669,1.199202016,-0.405841848,-0.612772545,2.090988927,-0.585062571,0.133728858
-0.689512211,0.58999669,1.149547262,-0.14135672,-0.300981613,-0.587461117,-0.602261083,-0.420151044
-0.689512211,0.58999669,1.075776744,0.705889952,-0.352227709,-0.606617916,-0.47180408,-0.438590068
-0.689512211,0.58999669,0.480156904,-0.16032594,-0.474292333,0.257909873,-0.412657979,-0.287177316
-0.689512211,0.58999669,-0.404535834,-0.643634573,-0.713896773,-0.206591,-0.47998386,-0.406676373
-0.689512211,0.58999669,1.033079982,-0.106534651,-0.307821441,1.387131063,-0.375324625,-0.200301147
1.4470045,0.58999669,-0.366741292,0.954928715,1.129279054,-0.04489114,1.049005768,-0.344621967
1.4470045,0.58999669,-0.295975361,-0.259643357,-0.162501401,-0.293723536,-0.031773869,-0.418732658
-0.689512211,0.58999669,-0.260315657,-0.292974987,-0.194806435,-0.148914617,-0.159084802,1.280848885
-0.689512211,0.58999669,-0.424381922,-0.501365421,-0.356542062,-0.346662217,-0.214245882,0.130182892
-0.689512211,0.58999669,-0.780741754,-0.339720566,-0.491444518,-0.316588102,-0.555070045,1.007100304
-0.689512211,0.58999669,-0.941170887,-0.296904326,0.468130748,-0.612591541,0.018563238,-0.518728901
-0.689512211,0.58999669,-0.554844252,-0.12699431,-0.138719845,3.047386954,-0.413077455,0.32272885
-0.689512211,0.58999669,-0.476883126,-0.515727831,-0.477133493,0.537022371,-0.366305893,-0.437880875
1.4470045,0.58999669,-0.328788614,0.033837578,0.063212926,-0.284454117,0.138113868,0.123800153
1.4470045,0.58999669,-0.601810691,0.69694732,0.311130387,-0.458101229,0.80675844,-0.188599459
-0.689512211,0.58999669,-0.54836067,-0.040277875,0.326598921,-0.557798977,0.126578281,-0.163777697
1.4470045,0.58999669,-0.896655559,0.365527944,1.122860138,-0.605381993,0.809275296,-0.265546923
-0.689512211,0.58999669,-0.248218241,-0.272786317,-0.602775873,-0.502388452,-0.272972507,-0.00137245
-0.689512211,0.58999669,-0.59651313,-0.071848077,0.555154407,-0.627628598,0.825634856,-0.046760816
1.4470045,0.58999669,0.400298144,-0.128620243,0.115932216,-0.420405592,0.111896624,0.091886458
-0.689512211,0.58999669,1.138556799,-0.598785916,-0.397686259,-0.461808996,-0.405526889,-0.108815222
1.4470045,0.58999669,0.43999032,-0.285929277,-0.346650619,-0.414637954,-0.226200945,-0.303843357
1.4470045,0.58999669,0.393735494,-0.39459581,0.450452424,-0.452745564,0.069529559,-0.452419336
-0.689512211,0.58999669,-0.059878077,-0.459091159,-0.563841467,2.528711479,-0.581706764,0.128055312
-0.689512211,0.58999669,0.089639661,0.481104692,0.669747835,0.014227153,0.460900567,0.130892085
-0.689512211,0.58999669,1.50321878,1.47563381,-0.265414507,2.473918915,-0.512283504,-0.128318036
-0.689512211,0.58999669,-0.707920054,0.023540002,-0.320027903,-0.180018666,-0.426081208,-0.428306766
-0.689512211,0.58999669,-0.268301533,-0.548246494,-0.459981308,-0.623096882,-0.586740475,0.346132226
-0.689512211,0.58999669,-0.70396665,-0.212220307,0.89777718,-0.514335702,-0.553811617,0.196847054
-0.689512211,0.58999669,-0.274152571,-0.039329414,-0.293720872,2.14516353,-0.31554931,-0.009528172
-0.689512211,0.58999669,0.720840137,-0.627917219,-0.33644349,-0.57736775,-0.325826469,-0.400648231
-0.689512211,0.58999669,-0.792127558,-0.34934067,-0.679592404,-0.31535218,-0.529691753,-0.026903406
-0.689512211,0.58999669,0.374047542,-0.253952591,0.004495632,-0.491059162,-0.107069792,-0.243561933
-0.689512211,0.58999669,1.399718665,0.847481632,0.849793155,2.072862064,-0.566186156,0.240817033
-0.689512211,0.58999669,2.152842119,-0.591469217,-0.756303707,0.29622347,-0.584852833,0.291169752
1.4470045,0.58999669,0.200097768,1.313175988,2.345716171,-0.54276192,2.508362398,0.121317976
-0.689512211,0.58999669,-0.135229956,-0.51694728,-0.60182882,-0.418963683,-0.569122487,0.212803901
-0.689512211,0.58999669,-0.728477754,-0.555292204,-0.572575402,-0.619389115,-0.504313462,-0.522274867
